,Autobuze_microbuze,Autoturisme,Mopede_motociclete ,AutovehiculePentruTransportulMarfurilor,VehiculeRutiere_ScopuriSpeciale,Tractoare,Remorci_semiremorci,MacroRegiune
Autobuze_microbuze,1.0,0.9989022635963326,0.9975070437560714,0.9979181742750155,0.9984340539343209,0.880842117203615,0.9829653247078388,
Autoturisme,0.9989022635963326,1.0,0.9990905153351897,0.9985633528183209,0.998509727592065,0.8739408931761878,0.9838278229776108,
Mopede_motociclete ,0.9975070437560714,0.9990905153351897,1.0,0.996870935070438,0.9987526185759413,0.8568621989622512,0.9777746024949163,
AutovehiculePentruTransportulMarfurilor,0.9979181742750155,0.9985633528183209,0.996870935070438,1.0,0.9974475774722901,0.8757683669042954,0.9838175254378961,
VehiculeRutiere_ScopuriSpeciale,0.9984340539343209,0.998509727592065,0.9987526185759413,0.9974475774722901,1.0,0.8545779124040785,0.974117482165701,
Tractoare,0.880842117203615,0.8739408931761878,0.8568621989622512,0.8757683669042954,0.8545779124040785,1.0,0.9395676178075285,
Remorci_semiremorci,0.9829653247078388,0.9838278229776108,0.9777746024949163,0.9838175254378961,0.974117482165701,0.9395676178075285,1.0,
MacroRegiune,,,,,,,,
