,Autobuze_microbuze,Autoturisme,Mopede_motociclete ,AutovehiculePentruTransportulMarfurilor,VehiculeRutiere_ScopuriSpeciale,Tractoare,Remorci_semiremorci,MacroRegiune
Autobuze_microbuze,1.0,0.9471585404405034,0.9112057950082831,0.7438602461781729,0.9156733440674194,0.5388699633455617,0.7341251544452471,
Autoturisme,0.9471585404405034,1.0,0.977054537803241,0.900205399837759,0.9604441728455677,0.651005953200789,0.9009254948874399,
Mopede_motociclete ,0.9112057950082831,0.977054537803241,1.0,0.8752393147696174,0.9745179678946133,0.7277306173622647,0.8908322899501474,
AutovehiculePentruTransportulMarfurilor,0.7438602461781729,0.900205399837759,0.8752393147696174,1.0,0.8152905305962647,0.6896063104005365,0.9433312844660778,
VehiculeRutiere_ScopuriSpeciale,0.9156733440674194,0.9604441728455677,0.9745179678946133,0.8152905305962647,1.0,0.6884720473014967,0.8529693163554843,
Tractoare,0.5388699633455617,0.651005953200789,0.7277306173622647,0.6896063104005365,0.6884720473014967,1.0,0.6498557994083883,
Remorci_semiremorci,0.7341251544452471,0.9009254948874399,0.8908322899501474,0.9433312844660778,0.8529693163554843,0.6498557994083883,1.0,
MacroRegiune,,,,,,,,
