,Autobuze_microbuze,Autoturisme,Mopede_motociclete ,AutovehiculePentruTransportulMarfurilor,VehiculeRutiere_ScopuriSpeciale,Tractoare,Remorci_semiremorci,MacroRegiune
Autobuze_microbuze,1.0,0.8540979923683131,0.7306085914954219,0.8566097652221725,0.8542172441742971,0.4371694620845889,0.8301601776965118,
Autoturisme,0.8540979923683131,1.0,0.8233104155569545,0.9784017192332398,0.8587901948179416,0.09833364030980324,0.8776301496579071,
Mopede_motociclete ,0.7306085914954219,0.8233104155569545,1.0,0.757944596358262,0.8113658522516835,0.11030284279314805,0.8470370750192175,
AutovehiculePentruTransportulMarfurilor,0.8566097652221725,0.9784017192332398,0.757944596358262,1.0,0.8411385911049748,0.17121214932211481,0.9110985194164596,
VehiculeRutiere_ScopuriSpeciale,0.8542172441742971,0.8587901948179416,0.8113658522516835,0.8411385911049748,1.0,0.39997892610377644,0.8337935702264706,
Tractoare,0.4371694620845889,0.09833364030980324,0.11030284279314805,0.17121214932211481,0.39997892610377644,1.0,0.17485702960029728,
Remorci_semiremorci,0.8301601776965118,0.8776301496579071,0.8470370750192175,0.9110985194164596,0.8337935702264706,0.17485702960029728,1.0,
MacroRegiune,,,,,,,,
