,Autobuze_microbuze,Autoturisme,Mopede_motociclete ,AutovehiculePentruTransportulMarfurilor,VehiculeRutiere_ScopuriSpeciale,Tractoare,Remorci_semiremorci,MacroRegiune
Autobuze_microbuze,1.0,0.9807103735138408,0.8619681138746124,0.9108018526877839,0.9183025381191524,0.1381917674056049,0.8410118219797789,
Autoturisme,0.9807103735138408,1.0,0.8125588471625913,0.9585359742756155,0.9104079448405662,0.07923757054180276,0.8860526966963935,
Mopede_motociclete ,0.8619681138746124,0.8125588471625913,1.0,0.6419748481374902,0.8952744183551055,0.45692434641224483,0.7174688872466247,
AutovehiculePentruTransportulMarfurilor,0.9108018526877839,0.9585359742756155,0.6419748481374902,1.0,0.7799024514428917,-0.050002326424963495,0.8597032204873668,
VehiculeRutiere_ScopuriSpeciale,0.9183025381191524,0.9104079448405662,0.8952744183551055,0.7799024514428917,1.0,0.20109868232257938,0.7864353609432486,
Tractoare,0.1381917674056049,0.07923757054180276,0.45692434641224483,-0.050002326424963495,0.20109868232257938,1.0,0.06773713325481892,
Remorci_semiremorci,0.8410118219797789,0.8860526966963935,0.7174688872466247,0.8597032204873668,0.7864353609432486,0.06773713325481892,1.0,
MacroRegiune,,,,,,,,
